u_priorForDifference,sizeofdiff,sample_Mean1,sample_Mean2,std_dev,sample_size,p0,p1,post_mu2_gt_m1,pvalue,H
0.867996141780168,202.49241278848,-91.2842818849284,-293.776694673408,20.5198852093846,25000,0,1,0,0,0
-0.968685012310743,0,-156.720864357626,-156.720864357626,197.069489711805,25000,0.975,0.025,0.984,0.72353926260885,0.16866093149667
0.167894907295704,18.3796532791278,1319.05678468864,1300.67713140951,382.113324841593,25000,0.062,0.938,0.062,0.000411826803050305,0.335333535878678
0.145299937576056,15.7004675774079,227.59744980463,211.896982227222,182.670578530082,10000,0,1,0,1.01772551851786e-07,0
0.644721540156752,103.485340305822,286.713081597076,390.198421902898,631.380465994393,10000,0,1,1,6.0937685248387e-22,0
-0.866887948941439,0,999.822555392287,999.822555392287,179.187501618903,10000,0.926,0.074,0.929,0.159673727156217,0.380676612706566
-0.684458283241838,0,-479.488682459771,-479.488682459771,45.1464702689009,25000,0.985,0.015,0.999,0.182271393802113,0.112360710099377
0.105932980775833,11.197454104327,-369.202753949809,-358.005299845482,21.8645089113087,10000,0,1,1,5.54889028895968e-249,0
-0.86775287007913,0,1525.68371298931,1525.68371298931,83.9735929313248,25000,0.991,0.00900000000000001,0.998,0.761966747457768,0.0740883836872965
-0.196488789282739,0,299.31332854102,299.31332854102,91.0592334290816,25000,0.993,0.00700000000000001,0.996,0.962435981576409,0.0601724420320086
-0.955284404102713,0,-852.496027919798,-852.496027919798,244.826078943967,25000,0.968,0.032,0.984,0.900579605194255,0.20432467098028
-0.0920798596926033,0,-148.371439474327,-148.371439474327,136.935662783767,25000,0.986,0.014,0.994,0.750028140733677,0.10627369308466
-0.87019088678062,0,272.450233048877,272.450233048877,208.647737321553,10000,0.928,0.072,0.935,0.192902399092888,0.373343321079853
0.38562583969906,48.7151154834942,-2.09328652175498,-50.8084020052492,63.5470829680487,10000,0,1,0,0,0
-0.906668265815824,0,364.185932321674,364.185932321674,1145.7182285803,25000,0.877,0.123,0.905,0.570224012714913,0.53792323105133
-0.0931517984718084,0,-801.437761385294,-801.437761385294,88.3063676771587,10000,0.98,0.02,0.984,0.503324469034617,0.141440542541821
0.863659117370844,199.259703933253,-1969.63144180987,-2168.89114574312,11.8719739912293,10000,0,1,0,0,0
-0.589694998692721,0,-285.051939162591,-285.051939162591,303.722108621506,10000,0.932,0.0679999999999999,0.977,0.412299693655294,0.358415324639275
-0.0501579935662448,0,511.947569538614,511.947569538614,24.9623364856789,10000,0.96,0.04,0.96,0.0276233345936157,0.242292189082415
-0.891871611587703,0,-675.720426204893,-675.720426204893,166.235050880719,10000,0.955,0.045,0.99,0.542565008264474,0.264765033935681
-0.717314472887665,0,-221.079960417788,-221.079960417788,343.420248309546,10000,0.949,0.051,0.982,0.72038623173436,0.290629793328508
-0.684195400681347,0,1507.97431179808,1507.97431179808,427.414376854363,10000,0.921,0.079,0.981,0.529874093717697,0.398645789805976
0.909519318956882,240.261892020085,112.034670652908,-128.227221367177,8.1805856580836,10000,0,1,0,0,0
0.787110053934157,154.697993193736,1479.74030275132,1634.43829594506,168.008850989087,25000,0,1,1,0,0
0.12590087717399,13.4561496912947,599.890557474006,613.346707165301,171.460614347059,10000,0,1,1,6.41507604813888e-10,0
-0.94590854132548,0,1215.13243984407,1215.13243984407,37.3241782861052,10000,0.993,0.00700000000000001,0.995,0.80459901049901,0.0601724420320086
-0.736004936508834,0,-224.900236383342,-224.900236383342,24.9016222867963,25000,0.997,0.003,0.998,0.390058056366847,0.0294640518449223
0.32978555187583,40.0157545982065,-1501.92821420335,-1461.91245960514,219.596370267787,25000,0,1,1,1.22105852844715e-88,0
-0.924774747807533,0,-354.65306303367,-354.65306303367,289.754205778164,10000,0.95,0.05,0.981,0.768788605747782,0.286396957115956
-0.579993711784482,0,187.887508567148,187.887508567148,54.0378796995893,10000,0.987,0.013,0.997,0.452926867964458,0.100082075437788
-0.803451420273632,0,-502.455081416706,-502.455081416706,232.757700784699,10000,0.928,0.072,0.932,0.208330593525463,0.373343321079853
0.666757608298212,109.888515078623,1899.97105980225,1790.08254472363,376.502008049631,10000,0,1,0,6.05006300513645e-93,0
0.111313553061336,11.8010808788717,-754.334402512548,-742.533321633676,22.3893711188663,25000,0,1,1,0,0
0.322427093051374,38.9238120285719,-1911.25357442066,-1950.17738644923,10.1001021749319,25000,0,1,0,0,0
-0.696837368886918,0,-46.9190332598368,-46.9190332598368,159.259511851396,10000,0.974,0.026,0.987,0.705298457552449,0.173917116922218
0.67530121980235,112.485735658612,-881.318828915931,-993.804564574544,191.742940230915,25000,0,1,0,0,0
0.0584235391579568,6.01997224542845,374.609752571224,380.629724816653,118.862294865584,10000,0,1,1,1.28127290809715e-06,0
-0.729439492803067,0,-841.309388293081,-841.309388293081,29.48828636457,10000,0.995,0.005,0.996,0.626481041559291,0.0454146923337941
-0.722896035760641,0,738.205004972475,738.205004972475,42.7758375536008,10000,0.992,0.00800000000000001,0.999,0.710619471339544,0.0672215447583069
0.193288477137685,21.4789143191409,1340.64156033319,1319.16264601405,96.2436077305141,25000,0,1,0,4.12496241207665e-114,0
0.376136266160756,47.182330971768,1092.29939664705,1045.11706567528,102.668225970724,25000,0,1,0,0,0
0.269397583324462,31.3885856830727,-298.227566183082,-266.838980500009,29.1147098821315,10000,0,1,1,0,0
-0.626756972633302,0,-1062.72976411119,-1062.72976411119,18.3299966669983,25000,0.995,0.005,0.999,0.300609069679799,0.0454146923337941
0.366639564745128,45.6715610903596,1348.78301587964,1394.45457697,30.1674442475817,10000,0,1,1,0,0
-0.561238568276167,0,706.495300682908,706.495300682908,8.83695739818903,10000,0.998,0.002,1,0.458961165701883,0.020814071335501
0.451329679228365,60.0257526462807,293.666369513,233.640616866719,121.02150993815,10000,0,1,0,4.2431118788635e-280,0
-0.908260100521147,0,-500.788873510816,-500.788873510816,136.621049123041,10000,0.981,0.019,0.991,0.961038131171233,0.135788412885586
-0.65173119911924,0,-285.616933830675,-285.616933830675,354.53603578275,25000,0.945,0.055,0.959,0.391416411121107,0.30726835986076
0.0928932591341436,9.74951501620212,1062.14689182328,1052.39737680708,58.1623502470049,10000,0,1,0,1.46670860866994e-39,0
0.51340229716152,72.0317569485452,-17.5887627538929,-89.6205197024381,157.235820356865,10000,0,1,0,1.64842461856893e-216,0
-0.276719633955508,0,3146.21020501289,3146.21020501289,69.1390469537059,10000,0.993,0.00700000000000001,0.995,0.626836481190033,0.0601724420320086
-0.234414293430746,0,483.516521455737,483.516521455737,179.191189128629,10000,0.95,0.05,0.954,0.238270894630457,0.286396957115956
-0.330915546044707,0,1091.66057360187,1091.66057360187,324.878338596921,25000,0.956,0.044,0.983,0.797748295290328,0.260340625012451
-0.51304253237322,0,-241.653914611888,-241.653914611888,17.068648248736,25000,0.983,0.017,0.985,0.0757406313143167,0.124247619328041
-0.815532926935703,0,-65.7995697988431,-65.7995697988431,29.0964491350051,10000,0.995,0.005,0.998,0.758080257486446,0.0454146923337941
-0.282650782261044,0,325.423368416098,325.423368416098,203.209234428609,25000,0.973,0.027,0.989,0.904290605792694,0.179116319181652
0.167681728489697,18.3540373436926,54.4290899391403,36.0750525954477,250.90052252381,10000,0,1,0,6.74449660333146e-07,0
0.987883319612592,441.317223128559,209.844155104202,651.161378232761,124.832275549427,10000,0,1,1,0,0
-0.141702279914171,0,174.123799193297,174.123799193297,221.155101884354,25000,0.974,0.026,0.996,0.332102919462494,0.173917116922218
0.773864083457738,148.661905984926,-585.190562747807,-436.528656762881,95.9969900472879,25000,0,1,1,0,0
-0.964504778385162,0,-1630.09226677455,-1630.09226677455,201.753835775514,25000,0.982,0.018,0.985,0.520433853848796,0.130058846179097
-0.125820143148303,0,-293.285725104896,-293.285725104896,56.0233935969859,10000,0.99,0.01,0.993,0.803307975361409,0.0807931358959112
-0.351372746285051,0,-1030.98496395066,-1030.98496395066,43.1625837533032,10000,0.978,0.022,0.982,0.196589977122376,0.152527328508782
-0.993445699103177,0,-384.843922394106,-384.843922394106,346.910413564039,25000,0.886,0.114,0.89,0.109404308284092,0.51186450378756
-0.636009353213012,0,-1860.96894245286,-1860.96894245286,159.760836983814,10000,0.975,0.025,0.988,0.839329059957453,0.16866093149667
-0.297125095967203,0,-28.7290786482265,-28.7290786482265,274.623759161414,10000,0.839,0.161,0.848,0.0936742330653206,0.636696513916622
0.798586239106953,160.239397484984,2261.88499796894,2422.12439545392,217.790886604952,25000,0,1,1,0,0
0.773129817098379,148.337730657798,-966.873527071692,-1115.21125772949,46.7174695700323,25000,0,1,0,0,0
0.559525584802032,81.990291656858,260.361839974614,342.352131631472,167.512336492224,25000,0,1,1,0,0
-0.35012770537287,0,231.042744457281,231.042744457281,72.1250193130475,25000,0.986,0.014,0.993,0.643207807514073,0.10627369308466
0.0757850552909076,7.88106102492144,-273.655471957598,-265.774410932677,317.378710698882,10000,0.888,0.112,0.988,0.19386570968211,0.505919244072741
-0.614269813057035,0,-860.987692408193,-860.987692408193,232.429470832584,10000,0.902,0.098,0.988,0.186198643311028,0.462623491762443
-0.440237550530583,0,1174.22523232015,1174.22523232015,9.6027594700638,10000,0.997,0.003,0.999,0.968529942050319,0.0294640518449223
-0.451178087387234,0,-1553.82252088547,-1553.82252088547,78.6857775586795,25000,0.984,0.016,0.987,0.300217784175986,0.118350011408275
0.32602866133675,39.4567693212512,-17.6597912515684,-57.1165605728197,91.1698090305406,10000,0,1,0,1.13421057364158e-186,0
0.350753161124885,43.1942297338133,-560.626753618301,-603.820983352114,67.2746161481631,10000,0,1,0,0,0
0.839978029485792,183.244415746145,-558.413051170381,-375.168635424236,189.595026648988,25000,0,1,1,0,0
0.680128443986177,113.983575122268,-880.900087205421,-994.883662327689,111.362872614876,10000,0,1,0,0,0
-0.139930056873709,0,-197.488529277709,-197.488529277709,56.4662483656796,10000,0.989,0.011,0.993,0.34937599311849,0.0873519199163162
-0.425406638067216,0,1361.4202691668,1361.4202691668,36.6952911528425,25000,0.987,0.013,0.987,0.104439462234336,0.100082075437788
-0.785591667052358,0,-40.4501519217422,-40.4501519217422,29.0344753399399,25000,0.996,0.004,1,0.716841517513882,0.0376223603222785
0.626889584586024,98.588088326695,529.895898085635,431.30780975894,249.29735349494,10000,0,1,0,8.31513928676385e-180,0
-0.905055411625654,0,-187.769365700297,-187.769365700297,235.277088778115,10000,0.899,0.101,0.906,0.160532673512731,0.472157527246668
-0.449593571946025,0,-924.422804335762,-924.422804335762,28.577414872322,10000,0.994,0.00600000000000001,0.997,0.306152745199778,0.0529150803448477
0.317138165701181,38.1462732263471,-1516.09476656585,-1477.9484933395,24.2305143605384,10000,0,1,1,0,0
-0.860318146646023,0,-284.970251356352,-284.970251356352,421.399042855952,25000,0.842,0.158,0.995,0.0818094572001624,0.629503378228199
-0.610391662456095,0,371.959170344589,371.959170344589,67.3841007247848,10000,0.974,0.026,0.976,0.248662559976148,0.173917116922218
0.873646338935941,206.867046999147,-2214.53765417018,-2007.67060717103,49.6694741364585,10000,0,1,1,0,0
-0.877996828407049,0,1135.77605384919,1135.77605384919,445.844256092002,25000,0.944,0.056,0.985,0.635104174543868,0.311357370429283
-0.40735958237201,0,-742.841905050925,-742.841905050925,142.66604515467,25000,0.981,0.019,0.995,0.299078008439454,0.135788412885586
-0.306691880803555,0,556.770119673755,556.770119673755,178.422822285722,10000,0.946,0.054,0.987,0.364368731831063,0.303151590366192
-0.906298489309847,0,192.391880153873,192.391880153873,123.202043680841,25000,0.981,0.019,0.984,0.325616738894208,0.135788412885586
-0.333542083390057,0,-665.69899859393,-665.69899859393,142.216684864218,10000,0.972,0.028,0.982,0.73089049735121,0.184260593339655
0.696843712590635,119.350680642097,-462.922790166393,-582.273470808491,38.1893741787259,25000,0,1,0,0,0
0.50129567598924,69.5741895902661,-508.674068807382,-439.099879217116,99.5487842537043,25000,0,1,1,0,0
-0.397825207095593,0,883.955991469836,883.955991469836,28.4291884485603,25000,0.995,0.005,0.997,0.937085891702018,0.0454146923337941
-0.3827252862975,0,1439.37176668466,1439.37176668466,75.9067224681808,10000,0.984,0.016,0.997,0.663737539801741,0.118350011408275
-0.58127675158903,0,-1223.63168819219,-1223.63168819219,104.07120850894,10000,0.977,0.023,0.983,0.545754277533848,0.157968546999663
0.530091599561274,75.5217495955642,764.34028133656,688.818531740996,133.333759394054,25000,0,1,0,0,0
0.0643068077042699,6.64676422469565,300.408167832287,307.054932056983,24.0960749514153,10000,0,1,1,2.68276344178467e-86,0
-0.931328679900616,0,478.611686006574,478.611686006574,168.13570961013,10000,0.967,0.033,0.989,0.501307195556348,0.209220477869153
0.430517646018416,56.3027481681912,-718.785985635799,-662.483237467608,38.6654413458877,25000,0,1,1,0,0
0.477983788587153,65.0056635235286,-221.339105787199,-286.344769310727,179.90468788152,10000,0,1,0,5.10087121932781e-131,0
0.951797342393547,303.234112238224,-121.995445189302,181.238667048922,72.4776841250308,25000,0,1,1,0,0
-0.860053725074977,0,704.58445665344,704.58445665344,235.468875477869,10000,0.943,0.0570000000000001,0.958,0.465962965076676,0.315419088938081
0.252095172647387,29.0479545262475,-1155.37136402189,-1126.32340949565,244.450727443175,25000,0,1,1,6.41091846053763e-43,0
-0.904584607575089,0,204.039111180364,204.039111180364,221.940973915521,25000,0.965,0.035,0.994,0.597529332511408,0.218877726539011
-0.305176238529384,0,-400.328679416988,-400.328679416988,40.5431041051528,25000,0.994,0.00600000000000001,0.998,0.893443495133797,0.0529150803448477
-0.959612763952464,0,-334.612781093702,-334.612781093702,35.4398539421863,10000,0.991,0.00900000000000001,0.999,0.632894307467172,0.0740883836872965
0.79475226951763,158.353758804389,-329.440527659897,-171.086768855508,204.490904202912,25000,0,1,1,0,0
0.476298727560788,64.6833847989485,-1416.37675394427,-1481.06013874322,44.54960021319,25000,0,1,0,0,0
0.938905296847224,279.533010800644,-1103.6151018171,-1383.14811261774,38.8116133161286,10000,0,1,0,0,0
0.172737374901772,18.963307076985,-59.394106610593,-40.430799533608,88.1388690579308,25000,0,1,1,1.6909713363924e-137,0
0.312141264323145,37.4171788182156,843.749831487368,806.332652669153,54.0355449393184,10000,0,1,0,0,0
0.208579775877297,23.3926195489121,-1127.9608415298,-1151.35346107871,244.335265654992,25000,0,1,0,2.20220742905577e-26,0
-0.0465139481239021,0,-694.990985634216,-694.990985634216,9.15143737969782,10000,0.999,0.001,0.999,0.691159169047947,0.0114077577374611
0.437483235727996,57.5334342197437,-412.117495227226,-354.584061007482,1147.99160810591,25000,0,1,1,1.97262780647136e-08,0
0.85876508615911,195.733071932588,-407.124569660552,-211.391497727964,81.0082039519119,25000,0,1,1,0,0
-0.954418565612286,0,-829.689288423719,-829.689288423719,87.239001616686,10000,0.987,0.013,0.997,0.888655592930821,0.100082075437788
0.576424753759056,85.9024103598483,-2240.00831181191,-2325.91072217176,37.91803895269,10000,0,1,0,0,0
0.604582526255399,92.7813176645956,-1530.55658835241,-1623.337906017,64.1567928019695,10000,0,1,0,0,0
-0.796746411826462,0,1700.94033568425,1700.94033568425,234.216817715419,10000,0.963,0.037,0.974,0.920710333857228,0.228364025840565
-0.309042415115982,0,327.202063310461,327.202063310461,146.105622603011,10000,0.964,0.036,0.992,0.34883191732015,0.223641664484481
0.847771243192255,188.237091048348,910.930999092019,722.693908043672,422.917460880815,25000,0,1,0,0,0
0.221867949701846,25.0859038745978,674.850324121482,649.764420246884,70.0819645111024,10000,0,1,0,1.64185848845465e-135,0
0.0284270383417606,2.88389109175081,-242.200981075362,-239.317089983611,128.608666727773,10000,0.901,0.099,0.995,0.0740220936110134,0.465817629746207
-0.608717744238675,0,1801.11869088675,1801.11869088675,77.794915884265,25000,0.988,0.012,0.99,0.445908319549738,0.0937779098477717
-0.0443416656926274,0,-703.83966441907,-703.83966441907,306.729956974245,25000,0.963,0.037,0.983,0.754135480043454,0.228364025840565
0.372666478622705,46.6276947753699,-977.290484240939,-1023.91817901631,106.829134396221,25000,0,1,0,0,0
0.856899398844689,194.420739148299,2632.35598721099,2826.77672635929,199.65273201717,10000,0,1,1,0,0
-0.329526536632329,0,-450.476908044739,-450.476908044739,86.7696392469001,10000,0.979,0.021,0.985,0.577281480325603,0.147019035221716
-0.466825974173844,0,384.605828027152,384.605828027152,148.619689832461,10000,0.977,0.023,0.989,0.677639967803457,0.157968546999663
-0.613385332282633,0,692.69914282334,692.69914282334,157.729312800934,25000,0.849,0.151,0.851,0.030729010678614,0.612337157747471
0.791240568272769,156.657273434499,-841.487665695626,-684.830392261127,115.164223716414,25000,0,1,1,0,0
-0.923445083200932,0,353.043604182623,353.043604182623,213.956403899371,25000,0.976,0.024,0.98,0.669210983943953,0.163345543183402
0.768255496397614,146.211979174348,1282.8224544425,1136.61047526815,73.5698971264753,10000,0,1,0,0,0
-0.063106594607234,0,110.468716026625,110.468716026625,76.3759011901008,25000,0.998,0.002,1,0.770362169788495,0.020814071335501
0.586551325395703,88.3221896516774,-433.595407732066,-345.273218080389,57.6927869273273,10000,0,1,1,0,0
0.333922954276204,40.6349930862693,-1507.3765747056,-1466.74158161933,135.642331518644,25000,0,1,1,4.41487385024985e-240,0
0.312189502641559,37.4241918875312,-610.469290234432,-573.045098346901,34.2288646803082,25000,0,1,1,0,0
-0.292051810771227,0,-241.928893161319,-241.928893161319,141.617508924074,10000,0.949,0.051,0.992,0.251867869041907,0.290629793328508
0.405602199025452,52.0206485157188,355.942087083828,303.921438568109,70.1496903372497,10000,0,1,0,0,0
-0.674525158014148,0,699.747544718172,699.747544718172,49.5107455654494,25000,0.977,0.023,0.978,0.0789015467960676,0.157968546999663
0.893711354583502,224.159681574122,-458.79749199639,-234.637810422267,44.3857041049492,10000,0,1,1,0,0
0.403533501550555,51.6732202559629,-968.316821681006,-1019.99004193697,80.9572904750843,25000,0,1,0,0,0
0.733318625949323,132.170068881314,446.59838343058,314.428314549266,425.960210480436,10000,0,1,0,1.79520045155993e-116,0
0.663882366847247,109.029408162026,103.087563295481,212.116971457508,408.70263503056,10000,0,1,1,3.00676603238297e-71,0
0.0330961332656443,3.36562023959096,896.765196459785,893.399576220194,106.690580732206,25000,0.15,0.85,0.15,0.000623457684615333,0.6098403047164
0.0392075018025935,3.99968161179871,-2106.21035917988,-2110.21004079168,40.9776483290846,10000,0,1,0,3.85807328027597e-14,0
0.622322321403772,97.3714149246187,-708.575358682125,-805.946773606744,19.7641126612241,25000,0,1,0,0,0
-0.333712675608695,0,-291.376591646635,-291.376591646635,1063.73317437579,10000,0.836,0.164,0.939,0.624022640835308,0.643793521485103
-0.124854140449315,0,-376.965919053358,-376.965919053358,180.41652186534,10000,0.958,0.042,0.988,0.515948497109714,0.251388144690119
-0.110725412145257,0,113.885151470704,113.885151470704,67.0566875533003,10000,0.413,0.587,0.414,0.00190436202429537,0.978048923610255
-0.381340720690787,0,469.538330160427,469.538330160427,89.2893273688689,10000,0.981,0.019,0.995,0.463186867714489,0.135788412885586
-0.470131464768201,0,1037.23392931585,1037.23392931585,109.937832922939,10000,0.975,0.025,0.976,0.321399750248915,0.16866093149667
-0.126330221537501,0,-1298.28804893945,-1298.28804893945,78.9110037785417,10000,0.986,0.014,0.989,0.834862184359733,0.10627369308466
0.952341367956251,304.369151012067,-553.224767027036,-248.855616014969,23.2473550309012,25000,0,1,1,0,0
0.443445761688054,58.5990649741836,320.933833235328,262.334768261145,95.4085126741068,25000,0,1,0,0,0
-0.0384241957217455,0,-1046.47240823341,-1046.47240823341,218.605430438287,25000,0.979,0.021,0.983,0.730163094482548,0.147019035221716
0.809361523482949,165.737643763645,574.511537581363,408.773893817718,187.511361343894,10000,0,1,0,0,0
-0.345701705198735,0,265.095335430723,265.095335430723,34.9618723970211,10000,0.995,0.005,0.996,0.51141183018033,0.0454146923337941
0.981588319409639,399.477000108326,-1188.75508322521,-1588.23208333354,73.328648018709,10000,0,1,0,0,0
-0.763829938136041,0,-378.181925580464,-378.181925580464,45.8535824019239,10000,0.991,0.00900000000000001,0.994,0.640215142285728,0.0740883836872965
-0.700870839413255,0,-943.714153449652,-943.714153449652,141.985648609202,10000,0.964,0.036,0.975,0.603938292182329,0.223641664484481
-0.579894838854671,0,-1039.19919476141,-1039.19919476141,30.1886161869572,10000,0.993,0.00700000000000001,0.999,0.307177235187647,0.0601724420320086
0.889909632503986,220.645372776375,-257.7357028726,-37.0903300962249,78.2322305772227,10000,0,1,1,0,0
0.306037154048681,36.5336856001641,-391.08818833389,-354.554502733726,347.63563449001,10000,0,1,1,1.77869951747195e-14,0
-0.707209409680218,0,-384.558817598115,-384.558817598115,39.011515432877,25000,0.995,0.005,0.998,0.467476607481052,0.0454146923337941
0.592007894534618,89.650745411473,-435.472292680726,-525.123038092199,219.248223765241,25000,0,1,0,0,0
0.856743209995329,194.311652482705,-229.303219524336,-34.9915670416304,32.6736744597728,25000,0,1,1,0,0
-0.1335071134381,0,332.868188036594,332.868188036594,185.60127313077,25000,0.969,0.031,0.979,0.381203073744525,0.19938228214288
0.11065796110779,11.7273371803337,-1253.30289049945,-1265.03022767978,285.165598846605,25000,0,1,0,2.11901968920876e-08,0
-0.767160542774945,0,-1147.53876675008,-1147.53876675008,457.467327918905,10000,0.918,0.082,0.959,0.814567472577907,0.409187405029528
-0.6177863413468,0,-588.088837035211,-588.088837035211,140.198414310462,10000,0.955,0.045,0.965,0.216790159668493,0.264765033935681
0.690329390577972,117.224609666118,345.165877008868,227.941267342749,31.4726704974377,10000,0,1,0,0,0
0.879942819941789,211.97871492053,197.466616259772,409.445331180302,62.3151029233878,10000,0,1,1,0,0
-0.606133116409183,0,-164.522130703987,-164.522130703987,92.8657289511883,10000,0.942,0.0580000000000001,0.998,0.106806485053585,0.319453965809446
0.927385698072612,262.259338030759,-894.222897243074,-1156.48223527383,265.586278452628,25000,0,1,0,0,0
0.160524733830243,17.4978265471822,-240.188402250425,-222.690575703243,92.7706072444491,10000,0,1,1,7.91905966091319e-47,0
-0.20508288918063,0,-605.894418944712,-605.894418944712,21.351514759295,25000,0.997,0.003,1,0.22473359745346,0.0294640518449223
-0.61141271609813,0,403.273124561142,403.273124561142,131.101575627334,25000,0.986,0.014,0.996,0.782186455348084,0.10627369308466
-0.971150712575763,0,-1984.34242938197,-1984.34242938197,50.3992333127157,10000,0.984,0.016,0.985,0.434532422565584,0.118350011408275
0.148606100585312,16.0880390971181,1975.7517282751,1991.83976737222,88.5469679096366,25000,0,1,1,2.66419131864415e-91,0
-0.907108721323311,0,21.3298773034076,21.3298773034076,25.2508680732488,10000,0.999,0.001,1,0.848858347291516,0.0114077577374611
-0.373307737521827,0,93.3139118511651,93.3139118511651,173.73730330218,10000,0.971,0.029,0.989,0.652733983856997,0.189351847461352
-0.10907809715718,0,1106.82111405279,1106.82111405279,112.557242197811,25000,0.949,0.051,0.954,0.105394367282335,0.290629793328508
-0.148479850962758,0,-298.229675041317,-298.229675041317,208.239070581309,10000,0.953,0.047,0.962,0.481256831470582,0.273513827707064
0.136015650816262,14.6200624712822,485.190247612057,499.810310083339,15.4660796489505,10000,0,1,1,0,0
-0.284968331456184,0,-1442.38384647361,-1442.38384647361,31.3191168960482,10000,0.997,0.003,0.998,0.728156218885746,0.0294640518449223
0.961363716516644,325.356345740667,238.928597368576,564.284943109243,138.248193065871,10000,0,1,1,0,0
-0.0719135156832635,0,-1860.37519365463,-1860.37519365463,267.708002126998,10000,0.934,0.0659999999999999,0.948,0.385542212706728,0.350815929895605
0.992256152443588,486.085661458227,-627.664766793901,-141.579105335674,160.975771197018,25000,0,1,1,0,0
-0.0237569739110768,0,-328.513554525991,-328.513554525991,59.4725850586443,25000,0.996,0.004,0.998,0.59432228571851,0.0376223603222785
-0.141560386866331,0,964.343513340657,964.343513340657,194.840929215442,25000,0.977,0.023,0.995,0.750714985337062,0.157968546999663
0.429647324141115,56.1500379910776,22.5032228322195,78.653260823297,197.986769557464,10000,0,1,1,1.23927689667591e-99,0
-0.415591670200229,0,-492.916518689481,-492.916518689481,156.557015306837,25000,0.985,0.015,0.99,0.653367578253115,0.112360710099377
0.813470281194896,167.916470243174,1113.67238303515,945.755912791977,28.2075707897537,10000,0,1,0,0,0
-0.355294545181096,0,-191.331977218315,-191.331977218315,78.6680246041986,10000,0.988,0.012,0.997,0.995781318048248,0.0937779098477717
0.90544377733022,235.85606725078,-800.200446758424,-1036.0565140092,26.4627789173092,25000,0,1,0,0,0
0.199816402047873,22.291408020456,-1359.13119822298,-1381.42260624344,288.81931366996,10000,0,1,0,4.3741586344641e-06,0
0.233864825684577,26.6396657035449,1473.88681055368,1447.24714485014,187.438686798209,25000,0,1,0,6.6153978549058e-43,0
-0.0727282902225852,0,170.397657642827,170.397657642827,462.988126213283,10000,0.738,0.262,0.754,0.0745802486452779,0.829749427786703
0.163240525405854,17.8218615866494,583.88263759346,601.704499180109,61.1252260694193,10000,0,1,1,9.98515868862579e-88,0
0.0351860700175166,3.58200149060627,236.298333778427,239.880335269033,25.6112283880448,25000,0,1,1,2.51457397697476e-56,0
0.356678324751556,44.1110407290985,123.589689692847,79.4786489637489,29.4235890043318,25000,0,1,0,0,0
0.46764530101791,63.0445284394526,340.231214603235,277.186686163783,347.129759399612,25000,0,1,0,1.63562004934972e-93,0
-0.218365674838424,0,904.911238782754,904.911238782754,257.957161586801,25000,0.955,0.045,0.995,0.329275779717604,0.264765033935681
-0.542282375041395,0,186.755252531692,186.755252531692,62.6243908620806,10000,0.98,0.02,0.998,0.336591699398205,0.141440542541821
0.125010406598449,13.3543285950618,1169.32205690731,1155.96772831225,45.5060775704164,25000,0,1,0,6.87825312501887e-239,0
-0.104073099326342,0,-962.469094409837,-962.469094409837,116.593399450527,10000,0.985,0.015,0.991,0.747114024286556,0.112360710099377
-0.593082081992179,0,505.879913777861,505.879913777861,260.625985026147,25000,0.779,0.221,0.785,0.0331061791292081,0.76198927446654
-0.616210380103439,0,162.818481148232,162.818481148232,68.5510408180251,10000,0.985,0.015,0.994,0.752338595431081,0.112360710099377
0.742289585527033,135.591874897406,-15.4076569956496,120.184217901757,134.414849179761,25000,0,1,1,0,0
0.987407695036381,437.466936876153,-2159.16364524721,-2596.63058212337,80.4830988032265,25000,0,1,0,0,0
-0.568766922689974,0,-558.784147154513,-558.784147154513,28.3144683568201,25000,0.999,0.001,1,0.539797161299852,0.0114077577374611
-0.167985070962459,0,-337.950973258151,-337.950973258151,175.9485802317,10000,0.959,0.041,0.97,0.426506646248575,0.246858514660358
-0.63273252453655,0,633.246850141276,633.246850141276,78.5158924968999,25000,0.995,0.005,0.997,0.685869790503846,0.0454146923337941
0.137702124193311,14.8154504430941,738.630646580313,753.446097023407,263.341757956846,25000,0.006,0.994,1,0.000304738326132425,0.0529150803448477
0.17207038262859,18.8827131384477,-590.565397302722,-609.44811044117,71.7654504480876,25000,0,1,0,5.30570875740843e-197,0
0.555600801017135,81.1032023687088,111.814727969636,192.917930338345,159.861766945914,25000,0,1,1,0,0
-0.603929047938436,0,810.965370628649,810.965370628649,63.7822681058416,25000,0.992,0.00800000000000001,0.997,0.967092246077304,0.0672215447583069
-0.604456373490393,0,331.646340479758,331.646340479758,362.617053322136,10000,0.851,0.149,0.984,0.135670267735929,0.607332136358471
-0.525535335298628,0,-384.605828059427,-384.605828059427,49.8595620894618,10000,0.984,0.016,0.986,0.359575288573101,0.118350011408275
0.0562974829226732,5.79442927152927,-69.3442524364968,-75.1386817080261,11.8415481344764,10000,0,1,0,2.23487853518436e-261,0
0.9084921204485,239.133019509143,1792.23288002342,2031.36589953257,110.396979125468,25000,0,1,1,0,0
-0.951984619256109,0,478.510032018393,478.510032018393,72.4551482915143,10000,0.989,0.011,0.996,0.78316076494131,0.0873519199163162
0.84349239198491,185.465065666857,-2176.38903496077,-2361.85410062763,49.2887441517015,10000,0,1,0,0,0
-0.741120789200068,0,-433.908906306754,-433.908906306754,99.7336885538582,10000,0.986,0.014,0.996,0.801377902424018,0.10627369308466
0.315708753187209,37.9371652552536,1364.99420882671,1402.93137408196,176.473423802763,10000,0,1,1,2.80858152463916e-46,0
0.226603822316974,25.6963842046359,248.315979605096,274.012363809732,208.56793033708,10000,0,1,1,9.48103643939294e-22,0
0.519303615670651,73.2519425788586,629.8678471698,703.119789748659,370.547110438052,25000,0,1,1,2.65649675592957e-93,0
0.698028535116464,119.742275321207,-101.157687950699,-220.899963271906,181.478117199392,10000,0,1,0,0,0
-0.181763441767544,0,1754.80132499939,1754.80132499939,108.638088575895,10000,0.973,0.027,0.995,0.422464606257728,0.179116319181652
0.445511089637876,58.970847173864,361.761104609826,302.790257435962,66.8354611596129,10000,0,1,0,0,0
0.762308968696743,143.678363648787,698.379259862033,554.700896213245,34.922082660198,10000,0,1,0,0,0
0.0270349350757897,2.74071019379284,2153.7618887734,2151.02117857961,56.8815055677223,25000,0,1,0,4.41495918010374e-10,0
-0.901906726881862,0,20.9492772876938,20.9492772876938,296.613312687948,10000,0.952,0.048,0.984,0.720911596317666,0.27783957395831
0.275941566098481,32.2883180044555,-856.004467105253,-888.292785109709,41.1302540957319,10000,0,1,0,0,0
-0.731383572798222,0,1352.48989352237,1352.48989352237,47.7016623616894,25000,0.994,0.00600000000000001,0.997,0.899582466477833,0.0529150803448477
0.260901686735451,30.2324331341717,-2760.67882486947,-2790.91125800364,69.8335208025649,25000,0,1,0,0,0
0.202780858613551,22.6625680160992,-1814.57190966984,-1837.23447768594,60.7866587508096,10000,0,1,0,3.10883587646097e-157,0
0.355587577447295,43.9416350160747,-929.587630518052,-885.645995501978,84.4096438795833,10000,0,1,1,7.51251897403045e-283,0
0.215235741343349,24.2371913744796,-102.599874802326,-126.837066176806,579.124620421143,10000,0.383,0.617,0.386,0.0147154499516674,0.960133300749638
-0.574298838153481,0,338.095750482271,338.095750482271,37.2606743226645,10000,0.992,0.00800000000000001,0.998,0.575122963906742,0.0672215447583069
0.212520025670528,23.8917338028575,1118.4327052968,1142.32443909965,198.899537350231,10000,0,1,1,2.26213443062184e-19,0
-0.404601079411805,0,-212.607864169195,-212.607864169195,36.6734095088801,25000,0.996,0.004,0.999,0.709244846759,0.0376223603222785
-0.995378887280822,0,-670.969067307189,-670.969067307189,216.173598132927,10000,0.958,0.042,0.968,0.593838837100105,0.251388144690119
0.842660949099809,184.935224225767,250.226084353711,65.2908601279436,32.983204231821,25000,0,1,0,0,0
0.910295481327921,241.123413580069,-669.33274550341,-428.209331923341,57.119132268368,10000,0,1,1,0,0
0.199769058264792,22.2854915804436,-114.372890723879,-136.658382304322,306.773875456057,25000,0,1,0,1.37676210387202e-12,0
-0.836210486479104,0,-2662.40106758811,-2662.40106758811,60.0929253832745,10000,0.991,0.00900000000000001,0.994,0.783109676822301,0.0740883836872965
-0.0612598950974643,0,-557.713353077015,-557.713353077015,60.4248450385355,10000,0.986,0.014,0.993,0.77643137034331,0.10627369308466
-0.841334406286478,0,1261.49451985496,1261.49451985496,155.472217579887,10000,0.969,0.031,0.986,0.99148224456545,0.19938228214288
0.768642178270966,146.378975512766,-12.7609037179926,-159.139879230759,51.0063713876461,25000,0,1,0,0,0
0.248733723070472,28.5995126905501,1024.05036381397,1052.64987650452,24.5111937268746,10000,0,1,1,0,0
0.868926213588566,203.199485930045,482.208345538145,279.0088596081,807.800606181149,25000,0,1,0,3.81064886940323e-159,0
-0.0419202172197402,0,-898.194241639517,-898.194241639517,122.345926032474,10000,0.972,0.028,0.994,0.877713922794812,0.184260593339655
0.258775175083429,29.9451292260015,-224.618059875369,-194.672930649368,250.983653752973,25000,0,1,1,2.53926590311412e-39,0
0.00484150229021907,0.485326032883075,729.737304351887,729.251978319004,320.61696032489,10000,0.955,0.045,0.983,0.847850470123549,0.264765033935681
0.517467929515988,72.8707893087573,-526.464808510475,-453.594019201718,1282.05676380075,25000,0,1,1,1.17667988283803e-07,0
0.762658006511629,143.82531674867,-643.194911032233,-787.020227780903,50.3733607659485,25000,0,1,0,0,0
-0.73025114974007,0,537.760139585578,537.760139585578,41.7422679198212,10000,0.99,0.01,0.994,0.934418908009609,0.0807931358959112
0.416507042013109,53.872289590266,-469.558467608438,-523.430757198704,256.356139943816,10000,0,1,0,2.79953445745051e-53,0
0.947087859269232,293.912246303259,1258.18172033898,964.269474035722,250.664474276501,25000,0,1,0,0,0
-0.692250029183924,0,347.560865377879,347.560865377879,38.2868051943038,10000,0.997,0.003,0.999,0.518309151859146,0.0294640518449223
0.762034350074828,143.562894377245,-1212.45945101286,-1068.89655663561,73.5516933198616,25000,0,1,1,0,0
0.119384341873229,12.7134004616238,-1840.84291312183,-1828.12951266021,113.03018922401,10000,0,1,1,7.96194836776551e-18,0
0.920814848970622,253.596648474244,-704.371479180532,-957.968127654776,18.3716129717384,10000,0,1,0,0,0
0.546905055642128,79.1653585266081,859.43193409752,938.597292624128,22.8317958605994,10000,0,1,1,0,0
-0.958059906493872,0,3025.66657117773,3025.66657117773,109.792664068861,10000,0.966,0.034,0.974,0.555811084341475,0.214071068104219
-0.221273339353502,0,-965.245590519819,-965.245590519819,545.099629686726,10000,0.916,0.084,0.975,0.622717213958397,0.41611895125187
0.789400642272085,155.779772901191,-1403.03642562728,-1558.81619852847,82.7665603072725,10000,0,1,0,0,0
-0.931816555093974,0,150.694730895353,150.694730895353,313.088806166932,25000,0.838,0.162,0.996,0.0645905340462712,0.639072792754721
-0.634940215852112,0,-2413.77014230407,-2413.77014230407,8.79236233165809,10000,0.999,0.001,1,0.768732085156934,0.0114077577374611
-0.198490429669619,0,567.430701196211,567.430701196211,130.996262857854,10000,0.956,0.044,0.989,0.333287956397728,0.260340625012451
-0.64450091868639,0,-14.2876845345469,-14.2876845345469,34.4324808117213,10000,0.99,0.01,0.993,0.932166708619284,0.0807931358959112
0.582421670202166,87.3283136006723,-1482.54463177141,-1569.87294537209,84.2818069614869,25000,0,1,0,0,0
-0.937723556067795,0,469.126485448879,469.126485448879,388.735473022681,25000,0.948,0.052,0.957,0.348362411622456,0.294832819363201
-0.541888926178217,0,-1380.59297532429,-1380.59297532429,115.425096252651,25000,0.984,0.016,0.998,0.579121615812609,0.118350011408275
-0.742760451044887,0,-94.9878182718682,-94.9878182718682,150.408223157792,10000,0.962,0.038,0.975,0.471086011757275,0.233045892564451
-0.106994037516415,0,361.487955476061,361.487955476061,22.4738110774271,10000,0.997,0.003,0.997,0.902294292039595,0.0294640518449223
-0.370489343535155,0,-165.622033746183,-165.622033746183,19.5261392494389,10000,0.996,0.004,0.996,0.367980636773691,0.0376223603222785
-0.73096398357302,0,-409.101022406258,-409.101022406258,166.444042645426,10000,0.971,0.029,0.987,0.639637542874646,0.189351847461352
-0.483455367852002,0,-1318.07525087822,-1318.07525087822,151.94094127241,10000,0.926,0.074,0.931,0.141066732366504,0.380676612706566
-0.393406949471682,0,-519.159099017166,-519.159099017166,110.385558064113,10000,0.98,0.02,0.992,0.771679949209168,0.141440542541821
-0.988787452690303,0,35.1602586808059,35.1602586808059,48.008752835583,10000,0.986,0.014,0.995,0.822038571381764,0.10627369308466
-0.260793200228363,0,-894.729011414695,-894.729011414695,181.473127831096,10000,0.945,0.055,0.992,0.28952920974329,0.30726835986076
0.844198044389486,185.916959356705,-1402.50963835831,-1216.5926790016,115.105649100358,10000,0,1,1,0,0
-0.808166025672108,0,472.374310366174,472.374310366174,193.928953329126,25000,0.834,0.166,0.998,0.0401032250667727,0.648472158805648
0.0757290180772543,7.87499798566719,1071.33054502018,1063.45554703451,232.851466139373,10000,0.457,0.543,0.458,0.00950412381393476,0.994658317822781
-0.945774202235043,0,-889.428974003873,-889.428974003873,30.3875697839366,25000,0.994,0.00600000000000001,0.999,0.262851913791723,0.0529150803448477
0.539539884775877,77.5529038928957,164.154776338603,241.707680231499,131.209849665892,25000,0,1,1,0,0
0.74837292637676,137.98071541292,9.17239915789161,147.153114570812,155.218173563029,25000,0,1,1,0,0
0.264479875564575,30.7177377744028,1157.4428419653,1188.1605797397,323.689592071126,25000,0,1,1,5.51733763695589e-23,0
-0.869612431619316,0,367.583111925253,367.583111925253,230.850716530065,10000,0.94,0.0600000000000001,0.987,0.323187696567764,0.327444919154476
0.846457820385695,187.377996394063,-187.758639182546,-375.136635576609,282.899176973348,10000,0,1,0,0,0
-0.610092524904758,0,894.177474941025,894.177474941025,144.2778037064,10000,0.931,0.069,0.995,0.153424507767996,0.362180717257156
0.62612537946552,98.3834776985453,1614.56239349023,1516.17891579168,119.574354956431,10000,0,1,0,0,0
0.558463635854423,81.7494897334288,770.542135393212,688.792645659783,128.58499396035,10000,0,1,0,0,0
-0.875610488466918,0,134.182512440481,134.182512440481,117.370623327824,10000,0.982,0.018,0.995,0.471250771043229,0.130058846179097
0.759375255554914,142.451663598705,-433.075218398927,-290.623554800222,75.1903442241078,25000,0,1,1,0,0
0.233464534860104,26.5874312804053,-828.343199757029,-801.755768476623,78.9156241514403,25000,0,1,1,7.86265322504873e-309,0
-0.481644559185952,0,544.533401289061,544.533401289061,200.712665022328,10000,0.957,0.043,0.988,0.522330316508773,0.255881915646771
0.935396801214665,273.949135261865,-236.990429185301,-510.939564447166,30.1859470611143,25000,0,1,0,0,0
-0.143728812690824,0,-617.618116544498,-617.618116544498,265.011531973115,10000,0.955,0.045,0.972,0.904785467322307,0.264765033935681
-0.730025018565357,0,996.44511407947,996.44511407947,285.694688274635,10000,0.949,0.051,0.974,0.999741695250685,0.290629793328508
0.361151521094143,44.8087974935576,366.094247030692,410.90304452425,27.1066904479383,10000,0,1,1,0,0
0.731562765780836,131.513815690728,961.226606725284,1092.74042241601,44.7947969899,10000,0,1,1,0,0
-0.272603269200772,0,44.1942442774491,44.1942442774491,264.740517715595,10000,0.945,0.055,0.982,0.698392878742685,0.30726835986076
0.683940809685737,115.182577181468,115.855076894196,0.67249971272787,213.73071343217,25000,0,1,0,0,0
